<?xml version="1.0" encoding="UTF-8"?>
<GenRun Id="synth_1" LaunchPart="xc7a100tcsg324-1" LaunchTime="1474158252">
  <File Type="PA-TCL" Name="CORDIC_Arch2.tcl"/>
  <File Type="RDS-RDS" Name="CORDIC_Arch2.vds"/>
  <File Type="VDS-TIMINGSUMMARY" Name="CORDIC_Arch2_timing_summary_synth.rpt"/>
  <File Type="VDS-TIMING-PB" Name="CORDIC_Arch2_timing_summary_synth.pb"/>
  <File Type="RDS-DCP" Name="CORDIC_Arch2.dcp"/>
  <File Type="RDS-UTIL-PB" Name="CORDIC_Arch2_utilization_synth.pb"/>
  <File Type="RDS-UTIL" Name="CORDIC_Arch2_utilization_synth.rpt"/>
  <File Type="RDS-PROPCONSTRS" Name="CORDIC_Arch2_drc_synth.rpt"/>
  <FileSet Name="sources" Type="DesignSrcs" RelSrcDir="$PSRCDIR/sources_1">
    <Filter Type="Srcs"/>
    <File Path="$PSRCDIR/sources_1/imports/Floating-Point-Unit-master/FPU_Add_subt_Mult/project_1/project_1.srcs/sources_1/imports/Proyecto_De_Graduacion/FPU_FLM/RTL/Add-Subt/Multiplexer_AC.v">
      <FileInfo>
        <Attr Name="ImportPath" Val="$PPRDIR/../../../../Documents/Documents/Floating-Point-Unit-master/FPU_Add_subt_Mult/project_1/project_1.srcs/sources_1/imports/Proyecto_De_Graduacion/FPU_FLM/RTL/Add-Subt/Multiplexer_AC.v"/>
        <Attr Name="ImportTime" Val="1473708146"/>
        <Attr Name="UsedIn" Val="synthesis"/>
        <Attr Name="UsedIn" Val="implementation"/>
        <Attr Name="UsedIn" Val="simulation"/>
      </FileInfo>
    </File>
    <File Path="$PSRCDIR/sources_1/imports/Floating-Point-Unit-master/FPU_Add_subt_Mult/project_1/project_1.srcs/sources_1/imports/Proyecto_De_Graduacion/FPU_FLM/RTL/Add-Subt/shift_mux.v">
      <FileInfo>
        <Attr Name="ImportPath" Val="$PPRDIR/../../../../Documents/Documents/Floating-Point-Unit-master/FPU_Add_subt_Mult/project_1/project_1.srcs/sources_1/imports/Proyecto_De_Graduacion/FPU_FLM/RTL/Add-Subt/shift_mux.v"/>
        <Attr Name="ImportTime" Val="1473708146"/>
        <Attr Name="UsedIn" Val="synthesis"/>
        <Attr Name="UsedIn" Val="implementation"/>
        <Attr Name="UsedIn" Val="simulation"/>
      </FileInfo>
    </File>
    <File Path="$PSRCDIR/sources_1/imports/Floating-Point-Unit-master/FPU_Add_subt_Mult/project_1/project_1.srcs/sources_1/imports/Proyecto_De_Graduacion/FPU_FLM/RTL/Add-Subt/Rotate_Mux_Array.v">
      <FileInfo>
        <Attr Name="ImportPath" Val="$PPRDIR/../../../../Documents/Documents/Floating-Point-Unit-master/FPU_Add_subt_Mult/project_1/project_1.srcs/sources_1/imports/Proyecto_De_Graduacion/FPU_FLM/RTL/Add-Subt/Rotate_Mux_Array.v"/>
        <Attr Name="ImportTime" Val="1473708146"/>
        <Attr Name="UsedIn" Val="synthesis"/>
        <Attr Name="UsedIn" Val="implementation"/>
        <Attr Name="UsedIn" Val="simulation"/>
      </FileInfo>
    </File>
    <File Path="$PSRCDIR/sources_1/imports/Floating-Point-Unit-master/FPU_Add_subt_Mult/project_1/project_1.srcs/sources_1/imports/Proyecto_De_Graduacion/FPU_FLM/RTL/Add-Subt/RegisterAdd.v">
      <FileInfo>
        <Attr Name="ImportPath" Val="$PPRDIR/../../../../Documents/Documents/Floating-Point-Unit-master/FPU_Add_subt_Mult/project_1/project_1.srcs/sources_1/imports/Proyecto_De_Graduacion/FPU_FLM/RTL/Add-Subt/RegisterAdd.v"/>
        <Attr Name="ImportTime" Val="1473708146"/>
        <Attr Name="UsedIn" Val="synthesis"/>
        <Attr Name="UsedIn" Val="implementation"/>
        <Attr Name="UsedIn" Val="simulation"/>
      </FileInfo>
    </File>
    <File Path="$PSRCDIR/sources_1/imports/Floating-Point-Unit-master/FPU_Add_subt_Mult/project_1/project_1.srcs/sources_1/imports/Proyecto_De_Graduacion/FPU_FLM/RTL/Add-Subt/Greater_Comparator.v">
      <FileInfo>
        <Attr Name="ImportPath" Val="$PPRDIR/../../../../Documents/Documents/Floating-Point-Unit-master/FPU_Add_subt_Mult/project_1/project_1.srcs/sources_1/imports/Proyecto_De_Graduacion/FPU_FLM/RTL/Add-Subt/Greater_Comparator.v"/>
        <Attr Name="ImportTime" Val="1473708146"/>
        <Attr Name="UsedIn" Val="synthesis"/>
        <Attr Name="UsedIn" Val="implementation"/>
        <Attr Name="UsedIn" Val="simulation"/>
      </FileInfo>
    </File>
    <File Path="$PSRCDIR/sources_1/imports/Floating-Point-Unit-master/FPU_Add_subt_Mult/project_1/project_1.srcs/sources_1/imports/Proyecto_De_Graduacion/FPU_FLM/RTL/Add-Subt/Comparator_Less.v">
      <FileInfo>
        <Attr Name="ImportPath" Val="$PPRDIR/../../../../Documents/Documents/Floating-Point-Unit-master/FPU_Add_subt_Mult/project_1/project_1.srcs/sources_1/imports/Proyecto_De_Graduacion/FPU_FLM/RTL/Add-Subt/Comparator_Less.v"/>
        <Attr Name="ImportTime" Val="1473708146"/>
        <Attr Name="UsedIn" Val="synthesis"/>
        <Attr Name="UsedIn" Val="implementation"/>
        <Attr Name="UsedIn" Val="simulation"/>
      </FileInfo>
    </File>
    <File Path="$PSRCDIR/sources_1/imports/Floating-Point-Unit-master/FPU_Add_subt_Mult/project_1/project_1.srcs/sources_1/imports/Proyecto_De_Graduacion/FPU_FLM/RTL/Add-Subt/xor_tri.v">
      <FileInfo>
        <Attr Name="ImportPath" Val="$PPRDIR/../../../../Documents/Documents/Floating-Point-Unit-master/FPU_Add_subt_Mult/project_1/project_1.srcs/sources_1/imports/Proyecto_De_Graduacion/FPU_FLM/RTL/Add-Subt/xor_tri.v"/>
        <Attr Name="ImportTime" Val="1473708146"/>
        <Attr Name="UsedIn" Val="synthesis"/>
        <Attr Name="UsedIn" Val="implementation"/>
        <Attr Name="UsedIn" Val="simulation"/>
      </FileInfo>
    </File>
    <File Path="$PSRCDIR/sources_1/imports/Floating-Point-Unit-master/FPU_Add_subt_Mult/project_1/project_1.srcs/sources_1/imports/Proyecto_De_Graduacion/FPU_FLM/RTL/Add-Subt/sgn_result.v">
      <FileInfo>
        <Attr Name="ImportPath" Val="$PPRDIR/../../../../Documents/Documents/Floating-Point-Unit-master/FPU_Add_subt_Mult/project_1/project_1.srcs/sources_1/imports/Proyecto_De_Graduacion/FPU_FLM/RTL/Add-Subt/sgn_result.v"/>
        <Attr Name="ImportTime" Val="1473708146"/>
        <Attr Name="UsedIn" Val="synthesis"/>
        <Attr Name="UsedIn" Val="implementation"/>
        <Attr Name="UsedIn" Val="simulation"/>
      </FileInfo>
    </File>
    <File Path="$PSRCDIR/sources_1/imports/Floating-Point-Unit-master/FPU_Add_subt_Mult/project_1/project_1.srcs/sources_1/imports/Proyecto_De_Graduacion/FPU_FLM/RTL/Add-Subt/Priority_Codec_64.v">
      <FileInfo>
        <Attr Name="ImportPath" Val="$PPRDIR/../../../../Documents/Documents/Floating-Point-Unit-master/FPU_Add_subt_Mult/project_1/project_1.srcs/sources_1/imports/Proyecto_De_Graduacion/FPU_FLM/RTL/Add-Subt/Priority_Codec_64.v"/>
        <Attr Name="ImportTime" Val="1473708146"/>
        <Attr Name="UsedIn" Val="synthesis"/>
        <Attr Name="UsedIn" Val="implementation"/>
        <Attr Name="UsedIn" Val="simulation"/>
      </FileInfo>
    </File>
    <File Path="$PSRCDIR/sources_1/imports/Floating-Point-Unit-master/FPU_Add_subt_Mult/project_1/project_1.srcs/sources_1/imports/Proyecto_De_Graduacion/FPU_FLM/RTL/Add-Subt/Priority_Codec_32.v">
      <FileInfo>
        <Attr Name="ImportPath" Val="$PPRDIR/../../../../Documents/Documents/Floating-Point-Unit-master/FPU_Add_subt_Mult/project_1/project_1.srcs/sources_1/imports/Proyecto_De_Graduacion/FPU_FLM/RTL/Add-Subt/Priority_Codec_32.v"/>
        <Attr Name="ImportTime" Val="1473708146"/>
        <Attr Name="UsedIn" Val="synthesis"/>
        <Attr Name="UsedIn" Val="implementation"/>
        <Attr Name="UsedIn" Val="simulation"/>
      </FileInfo>
    </File>
    <File Path="$PSRCDIR/sources_1/imports/Floating-Point-Unit-master/FPU_Add_subt_Mult/project_1/project_1.srcs/sources_1/imports/Proyecto_De_Graduacion/FPU_FLM/RTL/Add-Subt/Mux_Array.v">
      <FileInfo>
        <Attr Name="ImportPath" Val="$PPRDIR/../../../../Documents/Documents/Floating-Point-Unit-master/FPU_Add_subt_Mult/project_1/project_1.srcs/sources_1/imports/Proyecto_De_Graduacion/FPU_FLM/RTL/Add-Subt/Mux_Array.v"/>
        <Attr Name="ImportTime" Val="1473708146"/>
        <Attr Name="UsedIn" Val="synthesis"/>
        <Attr Name="UsedIn" Val="implementation"/>
        <Attr Name="UsedIn" Val="simulation"/>
      </FileInfo>
    </File>
    <File Path="$PSRCDIR/sources_1/imports/Floating-Point-Unit-master/FPU_Add_subt_Mult/project_1/project_1.srcs/sources_1/imports/Proyecto_De_Graduacion/FPU_FLM/RTL/Add-Subt/Mux_3x1.v">
      <FileInfo>
        <Attr Name="ImportPath" Val="$PPRDIR/../../../../Documents/Documents/Floating-Point-Unit-master/FPU_Add_subt_Mult/project_1/project_1.srcs/sources_1/imports/Proyecto_De_Graduacion/FPU_FLM/RTL/Add-Subt/Mux_3x1.v"/>
        <Attr Name="ImportTime" Val="1473708146"/>
        <Attr Name="UsedIn" Val="synthesis"/>
        <Attr Name="UsedIn" Val="implementation"/>
        <Attr Name="UsedIn" Val="simulation"/>
      </FileInfo>
    </File>
    <File Path="$PSRCDIR/sources_1/imports/Floating-Point-Unit-master/FPU_Add_subt_Mult/project_1/project_1.srcs/sources_1/imports/Proyecto_De_Graduacion/FPU_FLM/RTL/Add-Subt/MultiplexTxT.v">
      <FileInfo>
        <Attr Name="ImportPath" Val="$PPRDIR/../../../../Documents/Documents/Floating-Point-Unit-master/FPU_Add_subt_Mult/project_1/project_1.srcs/sources_1/imports/Proyecto_De_Graduacion/FPU_FLM/RTL/Add-Subt/MultiplexTxT.v"/>
        <Attr Name="ImportTime" Val="1473708146"/>
        <Attr Name="UsedIn" Val="synthesis"/>
        <Attr Name="UsedIn" Val="implementation"/>
        <Attr Name="UsedIn" Val="simulation"/>
      </FileInfo>
    </File>
    <File Path="$PSRCDIR/sources_1/imports/Floating-Point-Unit-master/FPU_Add_subt_Mult/project_1/project_1.srcs/sources_1/imports/Proyecto_De_Graduacion/FPU_FLM/RTL/Add-Subt/Comparators.v">
      <FileInfo>
        <Attr Name="ImportPath" Val="$PPRDIR/../../../../Documents/Documents/Floating-Point-Unit-master/FPU_Add_subt_Mult/project_1/project_1.srcs/sources_1/imports/Proyecto_De_Graduacion/FPU_FLM/RTL/Add-Subt/Comparators.v"/>
        <Attr Name="ImportTime" Val="1473708146"/>
        <Attr Name="UsedIn" Val="synthesis"/>
        <Attr Name="UsedIn" Val="implementation"/>
        <Attr Name="UsedIn" Val="simulation"/>
      </FileInfo>
    </File>
    <File Path="$PSRCDIR/sources_1/imports/Floating-Point-Unit-master/FPU_Add_subt_Mult/project_1/project_1.srcs/sources_1/imports/Proyecto_De_Graduacion/FPU_FLM/RTL/Add-Subt/Comparator.v">
      <FileInfo>
        <Attr Name="ImportPath" Val="$PPRDIR/../../../../Documents/Documents/Floating-Point-Unit-master/FPU_Add_subt_Mult/project_1/project_1.srcs/sources_1/imports/Proyecto_De_Graduacion/FPU_FLM/RTL/Add-Subt/Comparator.v"/>
        <Attr Name="ImportTime" Val="1473708146"/>
        <Attr Name="UsedIn" Val="synthesis"/>
        <Attr Name="UsedIn" Val="implementation"/>
        <Attr Name="UsedIn" Val="simulation"/>
      </FileInfo>
    </File>
    <File Path="$PSRCDIR/sources_1/imports/Floating-Point-Unit-master/FPU_Add_subt_Mult/project_1/project_1.srcs/sources_1/imports/Proyecto_De_Graduacion/FPU_FLM/RTL/Add-Subt/add_sub_carry_out.v">
      <FileInfo>
        <Attr Name="ImportPath" Val="$PPRDIR/../../../../Documents/Documents/Floating-Point-Unit-master/FPU_Add_subt_Mult/project_1/project_1.srcs/sources_1/imports/Proyecto_De_Graduacion/FPU_FLM/RTL/Add-Subt/add_sub_carry_out.v"/>
        <Attr Name="ImportTime" Val="1473708146"/>
        <Attr Name="UsedIn" Val="synthesis"/>
        <Attr Name="UsedIn" Val="implementation"/>
        <Attr Name="UsedIn" Val="simulation"/>
      </FileInfo>
    </File>
    <File Path="$PSRCDIR/sources_1/imports/Floating-Point-Unit-master/FPU_Add_subt_Mult/project_1/project_1.srcs/sources_1/imports/Proyecto_De_Graduacion/FPU_FLM/RTL/Add-Subt/Tenth_Phase.v">
      <FileInfo>
        <Attr Name="ImportPath" Val="$PPRDIR/../../../../Documents/Documents/Floating-Point-Unit-master/FPU_Add_subt_Mult/project_1/project_1.srcs/sources_1/imports/Proyecto_De_Graduacion/FPU_FLM/RTL/Add-Subt/Tenth_Phase.v"/>
        <Attr Name="ImportTime" Val="1473708146"/>
        <Attr Name="UsedIn" Val="synthesis"/>
        <Attr Name="UsedIn" Val="implementation"/>
        <Attr Name="UsedIn" Val="simulation"/>
      </FileInfo>
    </File>
    <File Path="$PSRCDIR/sources_1/imports/Floating-Point-Unit-master/FPU_Add_subt_Mult/project_1/project_1.srcs/sources_1/imports/Proyecto_De_Graduacion/FPU_FLM/RTL/Add-Subt/Round_Sgf_Dec.v">
      <FileInfo>
        <Attr Name="ImportPath" Val="$PPRDIR/../../../../Documents/Documents/Floating-Point-Unit-master/FPU_Add_subt_Mult/project_1/project_1.srcs/sources_1/imports/Proyecto_De_Graduacion/FPU_FLM/RTL/Add-Subt/Round_Sgf_Dec.v"/>
        <Attr Name="ImportTime" Val="1473708146"/>
        <Attr Name="UsedIn" Val="synthesis"/>
        <Attr Name="UsedIn" Val="implementation"/>
        <Attr Name="UsedIn" Val="simulation"/>
      </FileInfo>
    </File>
    <File Path="$PSRCDIR/sources_1/imports/Floating-Point-Unit-master/FPU_Add_subt_Mult/project_1/project_1.srcs/sources_1/imports/Proyecto_De_Graduacion/FPU_FLM/RTL/Add-Subt/Oper_Start_In.v">
      <FileInfo>
        <Attr Name="ImportPath" Val="$PPRDIR/../../../../Documents/Documents/Floating-Point-Unit-master/FPU_Add_subt_Mult/project_1/project_1.srcs/sources_1/imports/Proyecto_De_Graduacion/FPU_FLM/RTL/Add-Subt/Oper_Start_In.v"/>
        <Attr Name="ImportTime" Val="1473708146"/>
        <Attr Name="UsedIn" Val="synthesis"/>
        <Attr Name="UsedIn" Val="implementation"/>
        <Attr Name="UsedIn" Val="simulation"/>
      </FileInfo>
    </File>
    <File Path="$PSRCDIR/sources_1/imports/Floating-Point-Unit-master/FPU_Add_subt_Mult/project_1/project_1.srcs/sources_1/imports/Proyecto_De_Graduacion/FPU_FLM/RTL/Add-Subt/LZD.v">
      <FileInfo>
        <Attr Name="ImportPath" Val="$PPRDIR/../../../../Documents/Documents/Floating-Point-Unit-master/FPU_Add_subt_Mult/project_1/project_1.srcs/sources_1/imports/Proyecto_De_Graduacion/FPU_FLM/RTL/Add-Subt/LZD.v"/>
        <Attr Name="ImportTime" Val="1473708146"/>
        <Attr Name="UsedIn" Val="synthesis"/>
        <Attr Name="UsedIn" Val="implementation"/>
        <Attr Name="UsedIn" Val="simulation"/>
      </FileInfo>
    </File>
    <File Path="$PSRCDIR/sources_1/imports/Floating-Point-Unit-master/FPU_Add_subt_Mult/project_1/project_1.srcs/sources_1/imports/Proyecto_De_Graduacion/FPU_FLM/RTL/Add-Subt/FSM_Add_Subtract.v">
      <FileInfo>
        <Attr Name="ImportPath" Val="$PPRDIR/../../../../Documents/Documents/Floating-Point-Unit-master/FPU_Add_subt_Mult/project_1/project_1.srcs/sources_1/imports/Proyecto_De_Graduacion/FPU_FLM/RTL/Add-Subt/FSM_Add_Subtract.v"/>
        <Attr Name="ImportTime" Val="1473708146"/>
        <Attr Name="UsedIn" Val="synthesis"/>
        <Attr Name="UsedIn" Val="implementation"/>
        <Attr Name="UsedIn" Val="simulation"/>
      </FileInfo>
    </File>
    <File Path="$PSRCDIR/sources_1/imports/Floating-Point-Unit-master/FPU_Add_subt_Mult/project_1/project_1.srcs/sources_1/imports/Proyecto_De_Graduacion/FPU_FLM/RTL/Add-Subt/exp_operation.v">
      <FileInfo>
        <Attr Name="ImportPath" Val="$PPRDIR/../../../../Documents/Documents/Floating-Point-Unit-master/FPU_Add_subt_Mult/project_1/project_1.srcs/sources_1/imports/Proyecto_De_Graduacion/FPU_FLM/RTL/Add-Subt/exp_operation.v"/>
        <Attr Name="ImportTime" Val="1473708146"/>
        <Attr Name="UsedIn" Val="synthesis"/>
        <Attr Name="UsedIn" Val="implementation"/>
        <Attr Name="UsedIn" Val="simulation"/>
      </FileInfo>
    </File>
    <File Path="$PSRCDIR/sources_1/imports/Floating-Point-Unit-master/FPU_Add_subt_Mult/project_1/project_1.srcs/sources_1/imports/Proyecto_De_Graduacion/FPU_FLM/RTL/Add-Subt/Barrel_shifter.v">
      <FileInfo>
        <Attr Name="ImportPath" Val="$PPRDIR/../../../../Documents/Documents/Floating-Point-Unit-master/FPU_Add_subt_Mult/project_1/project_1.srcs/sources_1/imports/Proyecto_De_Graduacion/FPU_FLM/RTL/Add-Subt/Barrel_shifter.v"/>
        <Attr Name="ImportTime" Val="1473708146"/>
        <Attr Name="UsedIn" Val="synthesis"/>
        <Attr Name="UsedIn" Val="implementation"/>
        <Attr Name="UsedIn" Val="simulation"/>
      </FileInfo>
    </File>
    <File Path="$PSRCDIR/sources_1/imports/Floating-Point-Unit-master/FPU_Add_subt_Mult/project_1/project_1.srcs/sources_1/imports/Proyecto_De_Graduacion/FPU_FLM/RTL/Add-Subt/Add_Subt.v">
      <FileInfo>
        <Attr Name="ImportPath" Val="$PPRDIR/../../../../Documents/Documents/Floating-Point-Unit-master/FPU_Add_subt_Mult/project_1/project_1.srcs/sources_1/imports/Proyecto_De_Graduacion/FPU_FLM/RTL/Add-Subt/Add_Subt.v"/>
        <Attr Name="ImportTime" Val="1473708146"/>
        <Attr Name="UsedIn" Val="synthesis"/>
        <Attr Name="UsedIn" Val="implementation"/>
        <Attr Name="UsedIn" Val="simulation"/>
      </FileInfo>
    </File>
    <File Path="$PSRCDIR/sources_1/imports/Floating-Point-Unit-master/Coprocesador_CORDIC_RTL/sine_cosine_CORDIC/Simple_Subt.v">
      <FileInfo>
        <Attr Name="ImportPath" Val="$PPRDIR/../../../../Documents/Documents/Floating-Point-Unit-master/Coprocesador_CORDIC_RTL/sine_cosine_CORDIC/Simple_Subt.v"/>
        <Attr Name="ImportTime" Val="1473670134"/>
        <Attr Name="UsedIn" Val="synthesis"/>
        <Attr Name="UsedIn" Val="implementation"/>
        <Attr Name="UsedIn" Val="simulation"/>
      </FileInfo>
    </File>
    <File Path="$PSRCDIR/sources_1/imports/Floating-Point-Unit-master/Coprocesador_CORDIC_RTL/sine_cosine_CORDIC/sign_inverter.v">
      <FileInfo>
        <Attr Name="ImportPath" Val="$PPRDIR/../../../../Documents/Documents/Floating-Point-Unit-master/Coprocesador_CORDIC_RTL/sine_cosine_CORDIC/sign_inverter.v"/>
        <Attr Name="ImportTime" Val="1473670134"/>
        <Attr Name="UsedIn" Val="synthesis"/>
        <Attr Name="UsedIn" Val="implementation"/>
        <Attr Name="UsedIn" Val="simulation"/>
      </FileInfo>
    </File>
    <File Path="$PSRCDIR/sources_1/imports/Floating-Point-Unit-master/Coprocesador_CORDIC_RTL/sine_cosine_CORDIC/Op_Select.v">
      <FileInfo>
        <Attr Name="ImportPath" Val="$PPRDIR/../../../../Documents/Documents/Floating-Point-Unit-master/Coprocesador_CORDIC_RTL/sine_cosine_CORDIC/Op_Select.v"/>
        <Attr Name="ImportTime" Val="1473670134"/>
        <Attr Name="UsedIn" Val="synthesis"/>
        <Attr Name="UsedIn" Val="implementation"/>
        <Attr Name="UsedIn" Val="simulation"/>
      </FileInfo>
    </File>
    <File Path="$PSRCDIR/sources_1/imports/Floating-Point-Unit-master/Coprocesador_CORDIC_RTL/sine_cosine_CORDIC/Mux_3x1_b.v">
      <FileInfo>
        <Attr Name="ImportPath" Val="$PPRDIR/../../../../Documents/Documents/Floating-Point-Unit-master/Coprocesador_CORDIC_RTL/sine_cosine_CORDIC/Mux_3x1_b.v"/>
        <Attr Name="ImportTime" Val="1473670134"/>
        <Attr Name="UsedIn" Val="synthesis"/>
        <Attr Name="UsedIn" Val="implementation"/>
        <Attr Name="UsedIn" Val="simulation"/>
      </FileInfo>
    </File>
    <File Path="$PSRCDIR/sources_1/imports/Floating-Point-Unit-master/Coprocesador_CORDIC_RTL/sine_cosine_CORDIC/Mux_2x1.v">
      <FileInfo>
        <Attr Name="ImportPath" Val="$PPRDIR/../../../../Documents/Documents/Floating-Point-Unit-master/Coprocesador_CORDIC_RTL/sine_cosine_CORDIC/Mux_2x1.v"/>
        <Attr Name="ImportTime" Val="1473670134"/>
        <Attr Name="UsedIn" Val="synthesis"/>
        <Attr Name="UsedIn" Val="implementation"/>
        <Attr Name="UsedIn" Val="simulation"/>
      </FileInfo>
    </File>
    <File Path="$PSRCDIR/sources_1/imports/Floating-Point-Unit-master/Coprocesador_CORDIC_RTL/sine_cosine_CORDIC/LUT_ROM_64bits.v">
      <FileInfo>
        <Attr Name="ImportPath" Val="$PPRDIR/../../../../Documents/Documents/Floating-Point-Unit-master/Coprocesador_CORDIC_RTL/sine_cosine_CORDIC/LUT_ROM_64bits.v"/>
        <Attr Name="ImportTime" Val="1473744647"/>
        <Attr Name="UsedIn" Val="synthesis"/>
        <Attr Name="UsedIn" Val="implementation"/>
        <Attr Name="UsedIn" Val="simulation"/>
      </FileInfo>
    </File>
    <File Path="$PSRCDIR/sources_1/imports/Floating-Point-Unit-master/FPU_Add_subt_Mult/project_1/project_1.srcs/sources_1/imports/Proyecto_De_Graduacion/FPU_FLM/RTL/Add-Subt/FPU_Add_Subtract_Function.v">
      <FileInfo>
        <Attr Name="ImportPath" Val="$PPRDIR/../../../../Documents/Documents/Floating-Point-Unit-master/FPU_Add_subt_Mult/project_1/project_1.srcs/sources_1/imports/Proyecto_De_Graduacion/FPU_FLM/RTL/Add-Subt/FPU_Add_Subtract_Function.v"/>
        <Attr Name="ImportTime" Val="1473708313"/>
        <Attr Name="UsedIn" Val="synthesis"/>
        <Attr Name="UsedIn" Val="implementation"/>
        <Attr Name="UsedIn" Val="simulation"/>
      </FileInfo>
    </File>
    <File Path="$PSRCDIR/sources_1/imports/Floating-Point-Unit-master/Coprocesador_CORDIC_RTL/sine_cosine_CORDIC/d_ff_en.v">
      <FileInfo>
        <Attr Name="ImportPath" Val="$PPRDIR/../../../../Documents/Documents/Floating-Point-Unit-master/Coprocesador_CORDIC_RTL/sine_cosine_CORDIC/d_ff_en.v"/>
        <Attr Name="ImportTime" Val="1473670134"/>
        <Attr Name="UsedIn" Val="synthesis"/>
        <Attr Name="UsedIn" Val="implementation"/>
        <Attr Name="UsedIn" Val="simulation"/>
      </FileInfo>
    </File>
    <File Path="$PSRCDIR/sources_1/imports/Floating-Point-Unit-master/Coprocesador_CORDIC_RTL/sine_cosine_CORDIC/counter_up.v">
      <FileInfo>
        <Attr Name="ImportPath" Val="$PPRDIR/../../../../Documents/Documents/Floating-Point-Unit-master/Coprocesador_CORDIC_RTL/sine_cosine_CORDIC/counter_up.v"/>
        <Attr Name="ImportTime" Val="1473670134"/>
        <Attr Name="UsedIn" Val="synthesis"/>
        <Attr Name="UsedIn" Val="implementation"/>
        <Attr Name="UsedIn" Val="simulation"/>
      </FileInfo>
    </File>
    <File Path="$PSRCDIR/sources_1/imports/Floating-Point-Unit-master/Coprocesador_CORDIC_RTL/sine_cosine_CORDIC/counter_d.v">
      <FileInfo>
        <Attr Name="ImportPath" Val="$PPRDIR/../../../../Documents/Documents/Floating-Point-Unit-master/Coprocesador_CORDIC_RTL/sine_cosine_CORDIC/counter_d.v"/>
        <Attr Name="ImportTime" Val="1473670134"/>
        <Attr Name="UsedIn" Val="synthesis"/>
        <Attr Name="UsedIn" Val="implementation"/>
        <Attr Name="UsedIn" Val="simulation"/>
      </FileInfo>
    </File>
    <File Path="$PSRCDIR/sources_1/imports/Floating-Point-Unit-master/Coprocesador_CORDIC_RTL/sine_cosine_CORDIC/CORDIC_FSM_v2.v">
      <FileInfo>
        <Attr Name="ImportPath" Val="$PPRDIR/../../../../Documents/Documents/Floating-Point-Unit-master/Coprocesador_CORDIC_RTL/sine_cosine_CORDIC/CORDIC_FSM_v2.v"/>
        <Attr Name="ImportTime" Val="1473740823"/>
        <Attr Name="UsedIn" Val="synthesis"/>
        <Attr Name="UsedIn" Val="implementation"/>
        <Attr Name="UsedIn" Val="simulation"/>
      </FileInfo>
    </File>
    <File Path="$PSRCDIR/sources_1/imports/Floating-Point-Unit-master/Coprocesador_CORDIC_RTL/sine_cosine_CORDIC/LUT_ROM_32bits.v">
      <FileInfo>
        <Attr Name="ImportPath" Val="$PPRDIR/../../../../Documents/Documents/Floating-Point-Unit-master/Coprocesador_CORDIC_RTL/sine_cosine_CORDIC/LUT_ROM_32bits.v"/>
        <Attr Name="ImportTime" Val="1473744647"/>
        <Attr Name="UsedIn" Val="synthesis"/>
        <Attr Name="UsedIn" Val="implementation"/>
        <Attr Name="UsedIn" Val="simulation"/>
      </FileInfo>
    </File>
    <File Path="$PSRCDIR/sources_1/imports/Floating-Point-Unit-master/Coprocesador_CORDIC_RTL/sine_cosine_CORDIC/CORDIC_Arch2.v">
      <FileInfo>
        <Attr Name="ImportPath" Val="$PPRDIR/../../../../Documents/Documents/Floating-Point-Unit-master/Coprocesador_CORDIC_RTL/sine_cosine_CORDIC/CORDIC_Arch2.v"/>
        <Attr Name="ImportTime" Val="1473740881"/>
        <Attr Name="UsedIn" Val="synthesis"/>
        <Attr Name="UsedIn" Val="implementation"/>
        <Attr Name="UsedIn" Val="simulation"/>
      </FileInfo>
    </File>
    <File Path="$PSRCDIR/sources_1/imports/new/Testbench_FPU_Add_Subt.v">
      <FileInfo>
        <Attr Name="AutoDisabled" Val="1"/>
        <Attr Name="ImportPath" Val="$PPRDIR/../../../../Documents/Floating-Point-Unit-master/FPU_Add_subt_Mult/sim_1/new/Testbench_FPU_Add_Subt.v"/>
        <Attr Name="ImportTime" Val="1468513860"/>
        <Attr Name="UsedIn" Val="synthesis"/>
        <Attr Name="UsedIn" Val="implementation"/>
        <Attr Name="UsedIn" Val="simulation"/>
      </FileInfo>
    </File>
    <File Path="$PSRCDIR/sources_1/imports/Floating-Point-Unit-master/Coprocesador_CORDIC_RTL/FPU_Interface_and_NaN/NaN_mod_64.v">
      <FileInfo>
        <Attr Name="AutoDisabled" Val="1"/>
        <Attr Name="ImportPath" Val="$PPRDIR/../../../../Documents/Documents/Floating-Point-Unit-master/Coprocesador_CORDIC_RTL/FPU_Interface_and_NaN/NaN_mod_64.v"/>
        <Attr Name="ImportTime" Val="1473670134"/>
        <Attr Name="UsedIn" Val="synthesis"/>
        <Attr Name="UsedIn" Val="implementation"/>
        <Attr Name="UsedIn" Val="simulation"/>
      </FileInfo>
    </File>
    <File Path="$PSRCDIR/sources_1/imports/Floating-Point-Unit-master/Coprocesador_CORDIC_RTL/FPU_Interface_and_NaN/NaN_mod_32.v">
      <FileInfo>
        <Attr Name="AutoDisabled" Val="1"/>
        <Attr Name="ImportPath" Val="$PPRDIR/../../../../Documents/Documents/Floating-Point-Unit-master/Coprocesador_CORDIC_RTL/FPU_Interface_and_NaN/NaN_mod_32.v"/>
        <Attr Name="ImportTime" Val="1473670134"/>
        <Attr Name="UsedIn" Val="synthesis"/>
        <Attr Name="UsedIn" Val="implementation"/>
        <Attr Name="UsedIn" Val="simulation"/>
      </FileInfo>
    </File>
    <File Path="$PSRCDIR/sources_1/imports/Floating-Point-Unit-master/Coprocesador_CORDIC_RTL/FPU_Interface_and_NaN/demux_1x3.v">
      <FileInfo>
        <Attr Name="AutoDisabled" Val="1"/>
        <Attr Name="ImportPath" Val="$PPRDIR/../../../../Documents/Documents/Floating-Point-Unit-master/Coprocesador_CORDIC_RTL/FPU_Interface_and_NaN/demux_1x3.v"/>
        <Attr Name="ImportTime" Val="1473670134"/>
        <Attr Name="UsedIn" Val="synthesis"/>
        <Attr Name="UsedIn" Val="implementation"/>
        <Attr Name="UsedIn" Val="simulation"/>
      </FileInfo>
    </File>
    <File Path="$PSRCDIR/sources_1/imports/Floating-Point-Unit-master/Coprocesador_CORDIC_RTL/FPU_Interface_and_NaN/deco_op.v">
      <FileInfo>
        <Attr Name="AutoDisabled" Val="1"/>
        <Attr Name="ImportPath" Val="$PPRDIR/../../../../Documents/Documents/Floating-Point-Unit-master/Coprocesador_CORDIC_RTL/FPU_Interface_and_NaN/deco_op.v"/>
        <Attr Name="ImportTime" Val="1473670134"/>
        <Attr Name="UsedIn" Val="synthesis"/>
        <Attr Name="UsedIn" Val="implementation"/>
        <Attr Name="UsedIn" Val="simulation"/>
      </FileInfo>
    </File>
    <File Path="$PSRCDIR/sources_1/imports/Floating-Point-Unit-master/Coprocesador_CORDIC_RTL/FPU_Interface_and_NaN/FPU_Interface.v">
      <FileInfo>
        <Attr Name="AutoDisabled" Val="1"/>
        <Attr Name="ImportPath" Val="$PPRDIR/../../../../Documents/Documents/Floating-Point-Unit-master/Coprocesador_CORDIC_RTL/FPU_Interface_and_NaN/FPU_Interface.v"/>
        <Attr Name="ImportTime" Val="1473670134"/>
        <Attr Name="UsedIn" Val="synthesis"/>
        <Attr Name="UsedIn" Val="implementation"/>
        <Attr Name="UsedIn" Val="simulation"/>
      </FileInfo>
    </File>
    <File Path="$PSRCDIR/sources_1/imports/Floating-Point-Unit-master/Coprocesador_CORDIC_RTL/sine_cosine_CORDIC/LUT_sincos_64.txt">
      <FileInfo>
        <Attr Name="ImportPath" Val="$PPRDIR/../../../../Documents/Documents/Floating-Point-Unit-master/Coprocesador_CORDIC_RTL/sine_cosine_CORDIC/LUT_sincos_64.txt"/>
        <Attr Name="ImportTime" Val="1473670134"/>
      </FileInfo>
    </File>
    <File Path="$PSRCDIR/sources_1/imports/Floating-Point-Unit-master/Coprocesador_CORDIC_RTL/sine_cosine_CORDIC/LUT_sincos_32.txt">
      <FileInfo>
        <Attr Name="ImportPath" Val="$PPRDIR/../../../../Documents/Documents/Floating-Point-Unit-master/Coprocesador_CORDIC_RTL/sine_cosine_CORDIC/LUT_sincos_32.txt"/>
        <Attr Name="ImportTime" Val="1473670134"/>
      </FileInfo>
    </File>
    <Config>
      <Option Name="DesignMode" Val="RTL"/>
      <Option Name="TopModule" Val="CORDIC_Arch2"/>
    </Config>
  </FileSet>
  <FileSet Name="constrs_in" Type="Constrs" RelSrcDir="$PSRCDIR/constrs_1">
    <Filter Type="Constrs"/>
    <Config>
      <Option Name="ConstrsType" Val="XDC"/>
    </Config>
  </FileSet>
  <Strategy Version="1" Minor="2">
    <StratHandle Name="Vivado Synthesis Defaults" Flow="Vivado Synthesis 2016"/>
    <Step Id="synth_design"/>
  </Strategy>
</GenRun>
