<?xml version="1.0" encoding="UTF-8" ?>
<document>
<!--The data in this file is primarily intended for consumption by Xilinx tools.
The structure and the elements are likely to change over the next few releases.
This means code written to parse this file will need to be revisited each subsequent release.-->
<application name="pa" timeStamp="Fri Sep 16 10:19:48 2016">
<section name="Project Information" visible="false">
<property name="ProjectID" value="7bd1e8c5bcbd4c8da586db8790db612e" type="ProjectID"/>
<property name="ProjectIteration" value="1" type="ProjectIteration"/>
</section>
<section name="PlanAhead Usage" visible="true">
<item name="Project Data">
<property name="SrcSetCount" value="1" type="SrcSetCount"/>
<property name="ConstraintSetCount" value="1" type="ConstraintSetCount"/>
<property name="DesignMode" value="RTL" type="DesignMode"/>
<property name="SynthesisStrategy" value="Vivado Synthesis Defaults" type="SynthesisStrategy"/>
<property name="ImplStrategy" value="Vivado Implementation Defaults" type="ImplStrategy"/>
</item>
<item name="Java Command Handlers">
<property name="AddSources" value="2" type="JavaHandler"/>
<property name="ArchiveProject" value="3" type="JavaHandler"/>
<property name="CloseProject" value="1" type="JavaHandler"/>
<property name="ProjectSettingsCmdHandler" value="1" type="JavaHandler"/>
<property name="RunSynthesis" value="5" type="JavaHandler"/>
<property name="SaveProjectAs" value="2" type="JavaHandler"/>
<property name="ShowSource" value="10" type="JavaHandler"/>
<property name="ShowView" value="4" type="JavaHandler"/>
<property name="ToggleViewNavigator" value="1" type="JavaHandler"/>
<property name="ToolsTemplates" value="4" type="JavaHandler"/>
<property name="ViewTaskRTLAnalysis" value="1" type="JavaHandler"/>
<property name="ZoomFit" value="1" type="JavaHandler"/>
</item>
<item name="Gui Resources Info">
<property name="PAResourceAtoD.CmdMsgDialog_MESSAGES, [Common 17-680] Path length exceeds 260-Byte maximum allowed by Windows: C:/Users/jsequeira/Proyectos/Karat/Karat_FPGA_Viv/.Xil/Vivado-65056-RDS1/PrjAr/_X_/CORDICO.srcs/sources_1/imports/Floating-Point-Unit-master/FPU_Add_subt_Mult/project_1/project_1.srcs/sources_1/imports/Proyecto_De_Graduacion/FPU_FLM/RTL/Add-Subt/Multiplexer_AC.v. Please consider using the OS subst command to shorten the path length by mapping part of the path to a virtual drive letter. See Answer Record AR52787 for more information.. Resolution: In Windows 7 or later, the mklink command can also be used to create a symbolic link and shorten the path., 0" value="4" type="GuiResourceData"/>
<property name="PAResourceAtoD.CmdMsgDialog_MESSAGES, [Coretcl 2-229] (archive_project" value="3" type="GuiResourceData"/>
<property name="PAResourceAtoD.CmdMsgDialog_OK, OK" value="1" type="GuiResourceData"/>
<property name="PAResourceCommand.PACommandNames_ARCHIVE_PROJECT, Archive Project..." value="1" type="GuiResourceData"/>
<property name="PAResourceEtoH.FileSetPanel_FILE_SET_PANEL_TREE, [root, Design Sources, CORDIC_Arch2 (CORDIC_Arch2.v" value="2" type="GuiResourceData"/>
<property name="PAResourceItoN.MainMenuMgr_FILE, File" value="2" type="GuiResourceData"/>
<property name="PAResourceItoN.MainMenuMgr_OPEN_RECENT_PROJECT, Open Recent Project" value="1" type="GuiResourceData"/>
<property name="RDIResource.BaseDialog_OK, OK" value="1" type="GuiResourceData"/>
</item>
<item name="Other">
<property name="GuiMode" value="33" type="GuiMode"/>
<property name="BatchMode" value="0" type="BatchMode"/>
<property name="TclMode" value="10" type="TclMode"/>
</item>
</section>
</application>
</document>
