<?xml version="1.0" encoding="UTF-8" ?>
<document>
<!--The data in this file is primarily intended for consumption by Xilinx tools.
The structure and the elements are likely to change over the next few releases.
This means code written to parse this file will need to be revisited each subsequent release.-->
<application name="pa" timeStamp="Sun Sep 11 23:14:58 2016">
<section name="Project Information" visible="false">
<property name="ProjectID" value="3dd1fa7fd3064771bb8bbd0dcd75e5f9" type="ProjectID"/>
<property name="ProjectIteration" value="229" type="ProjectIteration"/>
</section>
<section name="PlanAhead Usage" visible="true">
<item name="Project Data">
<property name="SrcSetCount" value="1" type="SrcSetCount"/>
<property name="ConstraintSetCount" value="1" type="ConstraintSetCount"/>
<property name="DesignMode" value="RTL" type="DesignMode"/>
<property name="SynthesisStrategy" value="Vivado Synthesis Defaults" type="SynthesisStrategy"/>
<property name="ImplStrategy" value="Vivado Implementation Defaults" type="ImplStrategy"/>
</item>
<item name="Java Command Handlers">
<property name="AddSources" value="3" type="JavaHandler"/>
<property name="CloseProject" value="-2" type="JavaHandler"/>
<property name="EditProperties" value="1" type="JavaHandler"/>
<property name="FitSelection" value="3" type="JavaHandler"/>
<property name="MoveToSimSet" value="1" type="JavaHandler"/>
<property name="OpenProject" value="1" type="JavaHandler"/>
<property name="ProjectSettingsCmdHandler" value="4" type="JavaHandler"/>
<property name="ReportUtilization" value="1" type="JavaHandler"/>
<property name="RunDesignAhead" value="2" type="JavaHandler"/>
<property name="RunImplementation" value="5" type="JavaHandler"/>
<property name="RunSchematic" value="6" type="JavaHandler"/>
<property name="RunSynthesis" value="6" type="JavaHandler"/>
<property name="SetTopNode" value="2" type="JavaHandler"/>
<property name="ShowConnectivity" value="1" type="JavaHandler"/>
<property name="ShowHierarchy" value="3" type="JavaHandler"/>
<property name="ShowView" value="1" type="JavaHandler"/>
<property name="SimulationRestart" value="3" type="JavaHandler"/>
<property name="SimulationRun" value="3" type="JavaHandler"/>
<property name="SimulationRunForTime" value="3" type="JavaHandler"/>
<property name="ToggleAutoFitSelection" value="5" type="JavaHandler"/>
<property name="ToggleViewNavigator" value="2" type="JavaHandler"/>
<property name="ToolsOptions" value="3" type="JavaHandler"/>
<property name="ViewTaskRTLAnalysis" value="1" type="JavaHandler"/>
<property name="ViewTaskSynthesis" value="3" type="JavaHandler"/>
<property name="ZoomFit" value="4" type="JavaHandler"/>
</item>
<item name="Gui Resources Info">
<property name="PAResourceCommand.PACommandNames_GOTO_NETLIST_DESIGN, Open Synthesized Design" value="1" type="GuiResourceData"/>
<property name="PAResourceCommand.PACommandNames_SIMULATION_LIVE_RESTART, simulation_live_restart" value="1" type="GuiResourceData"/>
<property name="PAResourceCommand.PACommandNames_SIMULATION_LIVE_RUN, simulation_live_run_for_time" value="1" type="GuiResourceData"/>
<property name="PAResourceCommand.PACommandNames_SIMULATION_RUN_POST_SYNTHESIS_TIMING, Run Post-Synthesis Timing Simulation" value="1" type="GuiResourceData"/>
<property name="PAResourceEtoH.ExpRunTreePanel_EXP_RUN_TREE_TABLE, synth_1 ; constrs_1 ; Synthesis Out-of-date ;  ;  ;  ;  ;  ;  ; 681 ; 514 ; 0 ; 0 ; 0 ; Sun Sep 11 23:06:39 CST 2016 ; 00:01:49 ; Vivado Synthesis Defaults* (Vivado Synthesis 2015" value="1" type="GuiResourceData"/>
<property name="PAResourceEtoH.FlowNavigatorTreePanel_FLOW_NAVIGATOR_TREE, [, RTL Analysis, Open Elaborated Design], 14, true" value="1" type="GuiResourceData"/>
<property name="PAResourceEtoH.FlowNavigatorTreePanel_FLOW_NAVIGATOR_TREE, [, RTL Analysis], 12, true" value="2" type="GuiResourceData"/>
<property name="PAResourceEtoH.FlowNavigatorTreePanel_FLOW_NAVIGATOR_TREE, [, Simulation, Run Simulation], 11, false" value="2" type="GuiResourceData"/>
<property name="PAResourceOtoP.PAViews_DEVICE, Device" value="2" type="GuiResourceData"/>
<property name="PAResourceOtoP.PlanAheadTab_SHOW_FLOW_NAVIGATOR, Flow Navigator" value="1" type="GuiResourceData"/>
<property name="PAResourceOtoP.ProjectSummaryUtilizationPanel_PROJECT_SUMMARY_UTILIZATION_PANEL_TABBED, PAResourceOtoP.ProjectSummaryUtilizationPanel_TABLE, Table, 1" value="1" type="GuiResourceData"/>
<property name="RDIResource.BaseDialog_OK, OK" value="2" type="GuiResourceData"/>
<property name="RDIResource.CommandsInput_TYPE_TCL_COMMAND_HERE, (String" value="1" type="GuiResourceData"/>
<property name="RDIResource.CommandsInput_TYPE_TCL_COMMAND_HERE, launch_runs synth_1 -jobs 2 -" value="2" type="GuiResourceData"/>
<property name="RDIResource.CommandsInput_TYPE_TCL_COMMAND_HERE, launch_runs synth_1 -jobs 2 -generic" value="1" type="GuiResourceData"/>
<property name="RDIResource.CommandsInput_TYPE_TCL_COMMAND_HERE, synth_ -jobs 2 -generic W=32 -generic EW=8 -generic SW=23 -generic SWR=26 -generic EWR=5, true" value="1" type="GuiResourceData"/>
<property name="RDIResource.CommandsInput_TYPE_TCL_COMMAND_HERE, synth_design -generic W=32 -generic EW=8 -generic SW=23 -generic SWR=26 -generic EWR=5, true" value="1" type="GuiResourceData"/>
<property name="RDIResource.CommandsInput_TYPE_TCL_COMMAND_HERE, synth_design -rtl -name rtl_1 -generic W=32 -generic EW=8 -generic SW=23 -generic SWR=26 -generic EWR=5, true" value="1" type="GuiResourceData"/>
<property name="RDIResource.MessageWithOptionDialog_DONT_SHOW_THIS_DIALOG_AGAIN, Don't show this dialog again, true" value="1" type="GuiResourceData"/>
<property name="RDIResource.RDIViews_WAVEFORM_VIEWER, 236, 108" value="1" type="GuiResourceData"/>
<property name="RDIResource.RDIViews_WAVEFORM_VIEWER, 244, 127" value="1" type="GuiResourceData"/>
<property name="RDIResource.TclConsoleView_TCL_CONSOLE_CODE_EDITOR, 3, 102" value="1" type="GuiResourceData"/>
</item>
<item name="Other">
<property name="GuiMode" value="7" type="GuiMode"/>
<property name="BatchMode" value="0" type="BatchMode"/>
<property name="TclMode" value="4" type="TclMode"/>
</item>
</section>
</application>
</document>
