<?xml version="1.0" encoding="UTF-8"?>
<GenRun Id="synth_2" LaunchPart="xc7a100tcsg324-1" LaunchTime="1474004983">
  <File Type="PA-TCL" Name="RecursiveKOA.tcl"/>
  <File Type="RDS-RDS" Name="RecursiveKOA.vds"/>
  <File Type="VDS-TIMINGSUMMARY" Name="RecursiveKOA_timing_summary_synth.rpt"/>
  <File Type="VDS-TIMING-PB" Name="RecursiveKOA_timing_summary_synth.pb"/>
  <File Type="RDS-DCP" Name="RecursiveKOA.dcp"/>
  <File Type="RDS-UTIL-PB" Name="RecursiveKOA_utilization_synth.pb"/>
  <File Type="RDS-UTIL" Name="RecursiveKOA_utilization_synth.rpt"/>
  <File Type="RDS-PROPCONSTRS" Name="RecursiveKOA_drc_synth.rpt"/>
  <FileSet Name="sources" Type="DesignSrcs" RelSrcDir="$PSRCDIR/sources_1">
    <Filter Type="Srcs"/>
    <File Path="$PSRCDIR/sources_1/imports/Proyecto_De_Graduacion/FPU_FLM/RTL/Add-Subt/RegisterAdd.v">
      <FileInfo>
        <Attr Name="ImportPath" Val="$PPRDIR/../../../../media/francis/Acer/Users/Francis/Documents/GitHub/Proyecto_De_Graduacion/FPU_FLM/RTL/Add-Subt/RegisterAdd.v"/>
        <Attr Name="ImportTime" Val="1457912815"/>
        <Attr Name="UsedIn" Val="synthesis"/>
        <Attr Name="UsedIn" Val="implementation"/>
        <Attr Name="UsedIn" Val="simulation"/>
      </FileInfo>
    </File>
    <File Path="$PSRCDIR/sources_1/imports/Proyecto_De_Graduacion/FPU_FLM/RTL/Add-Subt/sgn_result.v">
      <FileInfo>
        <Attr Name="ImportPath" Val="$PPRDIR/../../../../media/francis/Acer/Users/Francis/Documents/GitHub/Proyecto_De_Graduacion/FPU_FLM/RTL/Add-Subt/sgn_result.v"/>
        <Attr Name="ImportTime" Val="1457647299"/>
        <Attr Name="UsedIn" Val="synthesis"/>
        <Attr Name="UsedIn" Val="implementation"/>
        <Attr Name="UsedIn" Val="simulation"/>
      </FileInfo>
    </File>
    <File Path="$PSRCDIR/sources_1/imports/Proyecto_De_Graduacion/FPU_FLM/RTL/Add-Subt/Comparator.v">
      <FileInfo>
        <Attr Name="ImportPath" Val="$PPRDIR/../../../../media/francis/Acer/Users/Francis/Documents/GitHub/Proyecto_De_Graduacion/FPU_FLM/RTL/Add-Subt/Comparator.v"/>
        <Attr Name="ImportTime" Val="1457390988"/>
        <Attr Name="UsedIn" Val="synthesis"/>
        <Attr Name="UsedIn" Val="implementation"/>
        <Attr Name="UsedIn" Val="simulation"/>
      </FileInfo>
    </File>
    <File Path="$PSRCDIR/sources_1/imports/Proyecto_De_Graduacion/FPU_FLM/RTL/Add-Subt/MultiplexTxT.v">
      <FileInfo>
        <Attr Name="ImportPath" Val="$PPRDIR/../../../../media/francis/Acer/Users/Francis/Documents/GitHub/Proyecto_De_Graduacion/FPU_FLM/RTL/Add-Subt/MultiplexTxT.v"/>
        <Attr Name="ImportTime" Val="1457647384"/>
        <Attr Name="UsedIn" Val="synthesis"/>
        <Attr Name="UsedIn" Val="implementation"/>
        <Attr Name="UsedIn" Val="simulation"/>
      </FileInfo>
    </File>
    <File Path="$PSRCDIR/sources_1/imports/Proyecto_De_Graduacion/FPU_FLM/RTL/Add-Subt/Oper_Start_In.v">
      <FileInfo>
        <Attr Name="ImportPath" Val="$PPRDIR/../../../../media/francis/Acer/Users/Francis/Documents/GitHub/Proyecto_De_Graduacion/FPU_FLM/RTL/Add-Subt/Oper_Start_In.v"/>
        <Attr Name="ImportTime" Val="1459713676"/>
        <Attr Name="UsedIn" Val="synthesis"/>
        <Attr Name="UsedIn" Val="implementation"/>
        <Attr Name="UsedIn" Val="simulation"/>
      </FileInfo>
    </File>
    <File Path="$PSRCDIR/sources_1/imports/Proyecto_De_Graduacion/FPU_FLM/RTL/Add-Subt/xor_tri.v">
      <FileInfo>
        <Attr Name="ImportPath" Val="$PPRDIR/../../../../media/francis/Acer/Users/Francis/Documents/GitHub/Proyecto_De_Graduacion/FPU_FLM/RTL/Add-Subt/xor_tri.v"/>
        <Attr Name="ImportTime" Val="1457640772"/>
        <Attr Name="UsedIn" Val="synthesis"/>
        <Attr Name="UsedIn" Val="implementation"/>
        <Attr Name="UsedIn" Val="simulation"/>
      </FileInfo>
    </File>
    <File Path="$PSRCDIR/sources_1/imports/Proyecto_De_Graduacion/FPU_FLM/RTL/Add-Subt/exp_operation.v">
      <FileInfo>
        <Attr Name="ImportPath" Val="$PPRDIR/../../../../media/francis/Acer/Users/Francis/Documents/GitHub/Proyecto_De_Graduacion/FPU_FLM/RTL/Add-Subt/exp_operation.v"/>
        <Attr Name="ImportTime" Val="1464897675"/>
        <Attr Name="UsedIn" Val="synthesis"/>
        <Attr Name="UsedIn" Val="implementation"/>
        <Attr Name="UsedIn" Val="simulation"/>
      </FileInfo>
    </File>
    <File Path="$PSRCDIR/sources_1/imports/Proyecto_De_Graduacion/FPU_FLM/RTL/Add-Subt/Multiplexer_AC.v">
      <FileInfo>
        <Attr Name="ImportPath" Val="$PPRDIR/../../../../media/francis/Acer/Users/Francis/Documents/GitHub/Proyecto_De_Graduacion/FPU_FLM/RTL/Add-Subt/Multiplexer_AC.v"/>
        <Attr Name="ImportTime" Val="1457654216"/>
        <Attr Name="UsedIn" Val="synthesis"/>
        <Attr Name="UsedIn" Val="implementation"/>
        <Attr Name="UsedIn" Val="simulation"/>
      </FileInfo>
    </File>
    <File Path="$PSRCDIR/sources_1/imports/Proyecto_De_Graduacion/FPU_FLM/RTL/Add-Subt/add_sub_carry_out.v">
      <FileInfo>
        <Attr Name="ImportPath" Val="$PPRDIR/../../../../media/francis/Acer/Users/Francis/Documents/GitHub/Proyecto_De_Graduacion/FPU_FLM/RTL/Add-Subt/add_sub_carry_out.v"/>
        <Attr Name="ImportTime" Val="1439959400"/>
        <Attr Name="UsedIn" Val="synthesis"/>
        <Attr Name="UsedIn" Val="implementation"/>
        <Attr Name="UsedIn" Val="simulation"/>
      </FileInfo>
    </File>
    <File Path="$PSRCDIR/sources_1/imports/Proyecto_De_Graduacion/FPU_FLM/RTL/Add-Subt/Rotate_Mux_Array.v">
      <FileInfo>
        <Attr Name="ImportPath" Val="$PPRDIR/../../../../media/francis/Acer/Users/Francis/Documents/GitHub/Proyecto_De_Graduacion/FPU_FLM/RTL/Add-Subt/Rotate_Mux_Array.v"/>
        <Attr Name="ImportTime" Val="1459194896"/>
        <Attr Name="UsedIn" Val="synthesis"/>
        <Attr Name="UsedIn" Val="implementation"/>
        <Attr Name="UsedIn" Val="simulation"/>
      </FileInfo>
    </File>
    <File Path="$PSRCDIR/sources_1/imports/Proyecto_De_Graduacion/FPU_FLM/RTL/Add-Subt/Mux_Array.v">
      <FileInfo>
        <Attr Name="ImportPath" Val="$PPRDIR/../../../../media/francis/Acer/Users/Francis/Documents/GitHub/Proyecto_De_Graduacion/FPU_FLM/RTL/Add-Subt/Mux_Array.v"/>
        <Attr Name="ImportTime" Val="1459957652"/>
        <Attr Name="UsedIn" Val="synthesis"/>
        <Attr Name="UsedIn" Val="implementation"/>
        <Attr Name="UsedIn" Val="simulation"/>
      </FileInfo>
    </File>
    <File Path="$PSRCDIR/sources_1/imports/Proyecto_De_Graduacion/FPU_FLM/RTL/Add-Subt/shift_mux.v">
      <FileInfo>
        <Attr Name="ImportPath" Val="$PPRDIR/../../../../media/francis/Acer/Users/Francis/Documents/GitHub/Proyecto_De_Graduacion/FPU_FLM/RTL/Add-Subt/shift_mux.v"/>
        <Attr Name="ImportTime" Val="1459168065"/>
        <Attr Name="UsedIn" Val="synthesis"/>
        <Attr Name="UsedIn" Val="implementation"/>
        <Attr Name="UsedIn" Val="simulation"/>
      </FileInfo>
    </File>
    <File Path="$PSRCDIR/sources_1/imports/Proyecto_De_Graduacion/FPU_FLM/RTL/Add-Subt/Barrel_shifter.v">
      <FileInfo>
        <Attr Name="ImportPath" Val="$PPRDIR/../../../../media/francis/Acer/Users/Francis/Documents/GitHub/Proyecto_De_Graduacion/FPU_FLM/RTL/Add-Subt/Barrel_shifter.v"/>
        <Attr Name="ImportTime" Val="1463850611"/>
        <Attr Name="UsedIn" Val="synthesis"/>
        <Attr Name="UsedIn" Val="implementation"/>
        <Attr Name="UsedIn" Val="simulation"/>
      </FileInfo>
    </File>
    <File Path="$PSRCDIR/sources_1/imports/Proyecto_De_Graduacion/FPU_FLM/RTL/Add-Subt/Add_Subt.v">
      <FileInfo>
        <Attr Name="ImportPath" Val="$PPRDIR/../../../../media/francis/Acer/Users/Francis/Documents/GitHub/Proyecto_De_Graduacion/FPU_FLM/RTL/Add-Subt/Add_Subt.v"/>
        <Attr Name="ImportTime" Val="1464267101"/>
        <Attr Name="UsedIn" Val="synthesis"/>
        <Attr Name="UsedIn" Val="implementation"/>
        <Attr Name="UsedIn" Val="simulation"/>
      </FileInfo>
    </File>
    <File Path="$PSRCDIR/sources_1/imports/Proyecto_De_Graduacion/FPU_FLM/RTL/Add-Subt/Priority_Codec_32.v">
      <FileInfo>
        <Attr Name="ImportPath" Val="$PPRDIR/../../../../media/francis/Acer/Users/Francis/Documents/GitHub/Proyecto_De_Graduacion/FPU_FLM/RTL/Add-Subt/Priority_Codec_32.v"/>
        <Attr Name="ImportTime" Val="1463770051"/>
        <Attr Name="UsedIn" Val="synthesis"/>
        <Attr Name="UsedIn" Val="implementation"/>
        <Attr Name="UsedIn" Val="simulation"/>
      </FileInfo>
    </File>
    <File Path="$PSRCDIR/sources_1/imports/Proyecto_De_Graduacion/FPU_FLM/RTL/Add-Subt/Priority_Codec_64.v">
      <FileInfo>
        <Attr Name="ImportPath" Val="$PPRDIR/../../../../media/francis/Acer/Users/Francis/Documents/GitHub/Proyecto_De_Graduacion/FPU_FLM/RTL/Add-Subt/Priority_Codec_64.v"/>
        <Attr Name="ImportTime" Val="1460020822"/>
        <Attr Name="UsedIn" Val="synthesis"/>
        <Attr Name="UsedIn" Val="implementation"/>
        <Attr Name="UsedIn" Val="simulation"/>
      </FileInfo>
    </File>
    <File Path="$PSRCDIR/sources_1/imports/Proyecto_De_Graduacion/FPU_FLM/RTL/Add-Subt/Round_Sgf_Dec.v">
      <FileInfo>
        <Attr Name="ImportPath" Val="$PPRDIR/../../../../media/francis/Acer/Users/Francis/Documents/GitHub/Proyecto_De_Graduacion/FPU_FLM/RTL/Add-Subt/Round_Sgf_Dec.v"/>
        <Attr Name="ImportTime" Val="1460979395"/>
        <Attr Name="UsedIn" Val="synthesis"/>
        <Attr Name="UsedIn" Val="implementation"/>
        <Attr Name="UsedIn" Val="simulation"/>
      </FileInfo>
    </File>
    <File Path="$PSRCDIR/sources_1/imports/Proyecto_De_Graduacion/FPU_FLM/RTL/Add-Subt/Tenth_Phase.v">
      <FileInfo>
        <Attr Name="ImportPath" Val="$PPRDIR/../../../../media/francis/Acer/Users/Francis/Documents/GitHub/Proyecto_De_Graduacion/FPU_FLM/RTL/Add-Subt/Tenth_Phase.v"/>
        <Attr Name="ImportTime" Val="1461015227"/>
        <Attr Name="UsedIn" Val="synthesis"/>
        <Attr Name="UsedIn" Val="implementation"/>
        <Attr Name="UsedIn" Val="simulation"/>
      </FileInfo>
    </File>
    <File Path="$PSRCDIR/sources_1/imports/Proyecto_De_Graduacion/FPU_FLM/RTL/Add-Subt/Mux_3x1.v">
      <FileInfo>
        <Attr Name="ImportPath" Val="$PPRDIR/../../../../media/francis/Acer/Users/Francis/Documents/GitHub/Proyecto_De_Graduacion/FPU_FLM/RTL/Add-Subt/Mux_3x1.v"/>
        <Attr Name="ImportTime" Val="1459193607"/>
        <Attr Name="UsedIn" Val="synthesis"/>
        <Attr Name="UsedIn" Val="implementation"/>
        <Attr Name="UsedIn" Val="simulation"/>
      </FileInfo>
    </File>
    <File Path="$PSRCDIR/sources_1/imports/Proyecto_De_Graduacion/FPU_FLM/RTL/Add-Subt/FSM_Add_Subtract.v">
      <FileInfo>
        <Attr Name="ImportPath" Val="$PPRDIR/../../../../media/francis/Acer/Users/Francis/Documents/GitHub/Proyecto_De_Graduacion/FPU_FLM/RTL/Add-Subt/FSM_Add_Subtract.v"/>
        <Attr Name="ImportTime" Val="1464445642"/>
        <Attr Name="UsedIn" Val="synthesis"/>
        <Attr Name="UsedIn" Val="implementation"/>
        <Attr Name="UsedIn" Val="simulation"/>
      </FileInfo>
    </File>
    <File Path="$PSRCDIR/sources_1/imports/Proyecto_De_Graduacion/FPU_FLM/RTL/Mult/First_Phase_M.v">
      <FileInfo>
        <Attr Name="ImportPath" Val="$PPRDIR/../../../../media/francis/Acer/Users/Francis/Documents/GitHub/Proyecto_De_Graduacion/FPU_FLM/RTL/Mult/First_Phase_M.v"/>
        <Attr Name="ImportTime" Val="1443329666"/>
        <Attr Name="UsedIn" Val="synthesis"/>
        <Attr Name="UsedIn" Val="implementation"/>
        <Attr Name="UsedIn" Val="simulation"/>
      </FileInfo>
    </File>
    <File Path="$PSRCDIR/sources_1/imports/Proyecto_De_Graduacion/FPU_FLM/RTL/Mult/RegisterMult.v">
      <FileInfo>
        <Attr Name="ImportPath" Val="$PPRDIR/../../../../media/francis/Acer/Users/Francis/Documents/GitHub/Proyecto_De_Graduacion/FPU_FLM/RTL/Mult/RegisterMult.v"/>
        <Attr Name="ImportTime" Val="1461586644"/>
        <Attr Name="UsedIn" Val="synthesis"/>
        <Attr Name="UsedIn" Val="implementation"/>
        <Attr Name="UsedIn" Val="simulation"/>
      </FileInfo>
    </File>
    <File Path="$PSRCDIR/sources_1/imports/Proyecto_De_Graduacion/FPU_FLM/RTL/Mult/Comparator_Equal.v">
      <FileInfo>
        <Attr Name="ImportPath" Val="$PPRDIR/../../../../media/francis/Acer/Users/Francis/Documents/GitHub/Proyecto_De_Graduacion/FPU_FLM/RTL/Mult/Comparator_Equal.v"/>
        <Attr Name="ImportTime" Val="1443731484"/>
        <Attr Name="UsedIn" Val="synthesis"/>
        <Attr Name="UsedIn" Val="implementation"/>
        <Attr Name="UsedIn" Val="simulation"/>
      </FileInfo>
    </File>
    <File Path="$PSRCDIR/sources_1/imports/Proyecto_De_Graduacion/FPU_FLM/RTL/Mult/Zero_InfMult_Unit.v">
      <FileInfo>
        <Attr Name="ImportPath" Val="$PPRDIR/../../../../media/francis/Acer/Users/Francis/Documents/GitHub/Proyecto_De_Graduacion/FPU_FLM/RTL/Mult/Zero_InfMult_Unit.v"/>
        <Attr Name="ImportTime" Val="1461427531"/>
        <Attr Name="UsedIn" Val="synthesis"/>
        <Attr Name="UsedIn" Val="implementation"/>
        <Attr Name="UsedIn" Val="simulation"/>
      </FileInfo>
    </File>
    <File Path="$PSRCDIR/sources_1/imports/Proyecto_De_Graduacion/FPU_FLM/RTL/Mult/Exp_operation_m.v">
      <FileInfo>
        <Attr Name="ImportPath" Val="$PPRDIR/../../../../media/francis/Acer/Users/Francis/Documents/GitHub/Proyecto_De_Graduacion/FPU_FLM/RTL/Mult/Exp_operation_m.v"/>
        <Attr Name="ImportTime" Val="1462068537"/>
        <Attr Name="UsedIn" Val="synthesis"/>
        <Attr Name="UsedIn" Val="implementation"/>
        <Attr Name="UsedIn" Val="simulation"/>
      </FileInfo>
    </File>
    <File Path="$PSRCDIR/sources_1/imports/Proyecto_De_Graduacion/FPU_FLM/RTL/Mult/FPU_Multiplication_Function.v">
      <FileInfo>
        <Attr Name="ImportPath" Val="$PPRDIR/../../../../media/francis/Acer/Users/Francis/Documents/GitHub/Proyecto_De_Graduacion/FPU_FLM/RTL/Mult/FPU_Multiplication_Function.v"/>
        <Attr Name="ImportTime" Val="1464469074"/>
        <Attr Name="UsedIn" Val="synthesis"/>
        <Attr Name="UsedIn" Val="implementation"/>
        <Attr Name="UsedIn" Val="simulation"/>
      </FileInfo>
    </File>
    <File Path="$PSRCDIR/sources_1/imports/Proyecto_De_Graduacion/FPU_FLM/RTL/Mult/XOR_M.v">
      <FileInfo>
        <Attr Name="ImportPath" Val="$PPRDIR/../../../../media/francis/Acer/Users/Francis/Documents/GitHub/Proyecto_De_Graduacion/FPU_FLM/RTL/Mult/XOR_M.v"/>
        <Attr Name="ImportTime" Val="1441560566"/>
        <Attr Name="UsedIn" Val="synthesis"/>
        <Attr Name="UsedIn" Val="implementation"/>
        <Attr Name="UsedIn" Val="simulation"/>
      </FileInfo>
    </File>
    <File Path="$PSRCDIR/sources_1/imports/Proyecto_De_Graduacion/FPU_FLM/RTL/Mult/Sgf_Multiplication.v">
      <FileInfo>
        <Attr Name="ImportPath" Val="$PPRDIR/../../../../media/francis/Acer/Users/Francis/Documents/GitHub/Proyecto_De_Graduacion/FPU_FLM/RTL/Mult/Sgf_Multiplication.v"/>
        <Attr Name="ImportTime" Val="1463853575"/>
        <Attr Name="UsedIn" Val="synthesis"/>
        <Attr Name="UsedIn" Val="implementation"/>
        <Attr Name="UsedIn" Val="simulation"/>
      </FileInfo>
    </File>
    <File Path="$PSRCDIR/sources_1/imports/Proyecto_De_Graduacion/FPU_FLM/RTL/Mult/adder.v">
      <FileInfo>
        <Attr Name="ImportPath" Val="$PPRDIR/../../../../media/francis/Acer/Users/Francis/Documents/GitHub/Proyecto_De_Graduacion/FPU_FLM/RTL/Mult/adder.v"/>
        <Attr Name="ImportTime" Val="1461433133"/>
        <Attr Name="UsedIn" Val="synthesis"/>
        <Attr Name="UsedIn" Val="implementation"/>
        <Attr Name="UsedIn" Val="simulation"/>
      </FileInfo>
    </File>
    <File Path="$PSRCDIR/sources_1/imports/Proyecto_De_Graduacion/FPU_FLM/RTL/Mult/substractor.v">
      <FileInfo>
        <Attr Name="ImportPath" Val="$PPRDIR/../../../../media/francis/Acer/Users/Francis/Documents/GitHub/Proyecto_De_Graduacion/FPU_FLM/RTL/Mult/substractor.v"/>
        <Attr Name="ImportTime" Val="1461514450"/>
        <Attr Name="UsedIn" Val="synthesis"/>
        <Attr Name="UsedIn" Val="implementation"/>
        <Attr Name="UsedIn" Val="simulation"/>
      </FileInfo>
    </File>
    <File Path="$PSRCDIR/sources_1/imports/Proyecto_De_Graduacion/FPU_FLM/RTL/Mult/multiplier.v">
      <FileInfo>
        <Attr Name="ImportPath" Val="$PPRDIR/../../../../media/francis/Acer/Users/Francis/Documents/GitHub/Proyecto_De_Graduacion/FPU_FLM/RTL/Mult/multiplier.v"/>
        <Attr Name="ImportTime" Val="1462535220"/>
        <Attr Name="UsedIn" Val="synthesis"/>
        <Attr Name="UsedIn" Val="implementation"/>
        <Attr Name="UsedIn" Val="simulation"/>
      </FileInfo>
    </File>
    <File Path="$PSRCDIR/sources_1/imports/Proyecto_De_Graduacion/FPU_FLM/RTL/Mult/Round_decoder_M.v">
      <FileInfo>
        <Attr Name="ImportPath" Val="$PPRDIR/../../../../media/francis/Acer/Users/Francis/Documents/GitHub/Proyecto_De_Graduacion/FPU_FLM/RTL/Mult/Round_decoder_M.v"/>
        <Attr Name="ImportTime" Val="1461845609"/>
        <Attr Name="UsedIn" Val="synthesis"/>
        <Attr Name="UsedIn" Val="implementation"/>
        <Attr Name="UsedIn" Val="simulation"/>
      </FileInfo>
    </File>
    <File Path="$PSRCDIR/sources_1/imports/Proyecto_De_Graduacion/FPU_FLM/RTL/Mult/Deco_Round_Mult.v">
      <FileInfo>
        <Attr Name="ImportPath" Val="$PPRDIR/../../../../media/francis/Acer/Users/Francis/Documents/GitHub/Proyecto_De_Graduacion/FPU_FLM/RTL/Mult/Deco_Round_Mult.v"/>
        <Attr Name="ImportTime" Val="1441559916"/>
        <Attr Name="UsedIn" Val="synthesis"/>
        <Attr Name="UsedIn" Val="implementation"/>
        <Attr Name="UsedIn" Val="simulation"/>
      </FileInfo>
    </File>
    <File Path="$PSRCDIR/sources_1/imports/Proyecto_De_Graduacion/FPU_FLM/RTL/Mult/OR_Module.v">
      <FileInfo>
        <Attr Name="ImportPath" Val="$PPRDIR/../../../../media/francis/Acer/Users/Francis/Documents/GitHub/Proyecto_De_Graduacion/FPU_FLM/RTL/Mult/OR_Module.v"/>
        <Attr Name="ImportTime" Val="1442237762"/>
        <Attr Name="UsedIn" Val="synthesis"/>
        <Attr Name="UsedIn" Val="implementation"/>
        <Attr Name="UsedIn" Val="simulation"/>
      </FileInfo>
    </File>
    <File Path="$PSRCDIR/sources_1/imports/Proyecto_De_Graduacion/FPU_FLM/RTL/Mult/Barrel_Shifter_M.v">
      <FileInfo>
        <Attr Name="ImportPath" Val="$PPRDIR/../../../../media/francis/Acer/Users/Francis/Documents/GitHub/Proyecto_De_Graduacion/FPU_FLM/RTL/Mult/Barrel_Shifter_M.v"/>
        <Attr Name="ImportTime" Val="1462136211"/>
        <Attr Name="UsedIn" Val="synthesis"/>
        <Attr Name="UsedIn" Val="implementation"/>
        <Attr Name="UsedIn" Val="simulation"/>
      </FileInfo>
    </File>
    <File Path="$PSRCDIR/sources_1/imports/Proyecto_De_Graduacion/FPU_FLM/RTL/Mult/Adder_Round.v">
      <FileInfo>
        <Attr Name="ImportPath" Val="$PPRDIR/../../../../media/francis/Acer/Users/Francis/Documents/GitHub/Proyecto_De_Graduacion/FPU_FLM/RTL/Mult/Adder_Round.v"/>
        <Attr Name="ImportTime" Val="1461677051"/>
        <Attr Name="UsedIn" Val="synthesis"/>
        <Attr Name="UsedIn" Val="implementation"/>
        <Attr Name="UsedIn" Val="simulation"/>
      </FileInfo>
    </File>
    <File Path="$PSRCDIR/sources_1/imports/Proyecto_De_Graduacion/FPU_FLM/RTL/Mult/FSM_Mult_Function.v">
      <FileInfo>
        <Attr Name="ImportPath" Val="$PPRDIR/../../../../media/francis/Acer/Users/Francis/Documents/GitHub/Proyecto_De_Graduacion/FPU_FLM/RTL/Mult/FSM_Mult_Function.v"/>
        <Attr Name="ImportTime" Val="1464468589"/>
        <Attr Name="UsedIn" Val="synthesis"/>
        <Attr Name="UsedIn" Val="implementation"/>
        <Attr Name="UsedIn" Val="simulation"/>
      </FileInfo>
    </File>
    <File Path="$PSRCDIR/sources_1/imports/Proyecto_De_Graduacion/FPU_FLM/RTL/fpuuart/Transmisor_TX.v">
      <FileInfo>
        <Attr Name="ImportPath" Val="$PPRDIR/../../../../media/francis/Acer/Users/Francis/Documents/GitHub/Proyecto_De_Graduacion/FPU_FLM/RTL/fpuuart/Transmisor_TX.v"/>
        <Attr Name="ImportTime" Val="1462223700"/>
        <Attr Name="UsedIn" Val="synthesis"/>
        <Attr Name="UsedIn" Val="implementation"/>
        <Attr Name="UsedIn" Val="simulation"/>
      </FileInfo>
    </File>
    <File Path="$PSRCDIR/sources_1/imports/Proyecto_De_Graduacion/FPU_FLM/RTL/fpuuart/Transmisor.v">
      <FileInfo>
        <Attr Name="ImportPath" Val="$PPRDIR/../../../../media/francis/Acer/Users/Francis/Documents/GitHub/Proyecto_De_Graduacion/FPU_FLM/RTL/fpuuart/Transmisor.v"/>
        <Attr Name="ImportTime" Val="1462223700"/>
        <Attr Name="UsedIn" Val="synthesis"/>
        <Attr Name="UsedIn" Val="implementation"/>
        <Attr Name="UsedIn" Val="simulation"/>
      </FileInfo>
    </File>
    <File Path="$PSRCDIR/sources_1/imports/Proyecto_De_Graduacion/FPU_FLM/RTL/fpuuart/ROM_test.v">
      <FileInfo>
        <Attr Name="ImportPath" Val="$PPRDIR/../../../../media/francis/Acer/Users/Francis/Documents/GitHub/Proyecto_De_Graduacion/FPU_FLM/RTL/fpuuart/ROM_test.v"/>
        <Attr Name="ImportTime" Val="1462273168"/>
        <Attr Name="UsedIn" Val="synthesis"/>
        <Attr Name="UsedIn" Val="implementation"/>
        <Attr Name="UsedIn" Val="simulation"/>
      </FileInfo>
    </File>
    <File Path="$PSRCDIR/sources_1/imports/Proyecto_De_Graduacion/FPU_FLM/RTL/fpuuart/ReceptorRX.v">
      <FileInfo>
        <Attr Name="ImportPath" Val="$PPRDIR/../../../../media/francis/Acer/Users/Francis/Documents/GitHub/Proyecto_De_Graduacion/FPU_FLM/RTL/fpuuart/ReceptorRX.v"/>
        <Attr Name="ImportTime" Val="1462223700"/>
        <Attr Name="UsedIn" Val="synthesis"/>
        <Attr Name="UsedIn" Val="implementation"/>
        <Attr Name="UsedIn" Val="simulation"/>
      </FileInfo>
    </File>
    <File Path="$PSRCDIR/sources_1/imports/Proyecto_De_Graduacion/FPU_FLM/RTL/fpuuart/Receptor.v">
      <FileInfo>
        <Attr Name="ImportPath" Val="$PPRDIR/../../../../media/francis/Acer/Users/Francis/Documents/GitHub/Proyecto_De_Graduacion/FPU_FLM/RTL/fpuuart/Receptor.v"/>
        <Attr Name="ImportTime" Val="1462223700"/>
        <Attr Name="UsedIn" Val="synthesis"/>
        <Attr Name="UsedIn" Val="implementation"/>
        <Attr Name="UsedIn" Val="simulation"/>
      </FileInfo>
    </File>
    <File Path="$PSRCDIR/sources_1/imports/Proyecto_De_Graduacion/FPU_FLM/RTL/fpuuart/Mux_4x1.v">
      <FileInfo>
        <Attr Name="ImportPath" Val="$PPRDIR/../../../../media/francis/Acer/Users/Francis/Documents/GitHub/Proyecto_De_Graduacion/FPU_FLM/RTL/fpuuart/Mux_4x1.v"/>
        <Attr Name="ImportTime" Val="1462223700"/>
        <Attr Name="UsedIn" Val="synthesis"/>
        <Attr Name="UsedIn" Val="implementation"/>
        <Attr Name="UsedIn" Val="simulation"/>
      </FileInfo>
    </File>
    <File Path="$PSRCDIR/sources_1/imports/Proyecto_De_Graduacion/FPU_FLM/RTL/fpuuart/Uart.v">
      <FileInfo>
        <Attr Name="ImportPath" Val="$PPRDIR/../../../../media/francis/Acer/Users/Francis/Documents/GitHub/Proyecto_De_Graduacion/FPU_FLM/RTL/fpuuart/Uart.v"/>
        <Attr Name="ImportTime" Val="1462223700"/>
        <Attr Name="UsedIn" Val="synthesis"/>
        <Attr Name="UsedIn" Val="implementation"/>
        <Attr Name="UsedIn" Val="simulation"/>
      </FileInfo>
    </File>
    <File Path="$PSRCDIR/sources_1/imports/Proyecto_De_Graduacion/FPU_FLM/RTL/fpuuart/Mux_8x1.v">
      <FileInfo>
        <Attr Name="ImportPath" Val="$PPRDIR/../../../../media/francis/Acer/Users/Francis/Documents/GitHub/Proyecto_De_Graduacion/FPU_FLM/RTL/fpuuart/Mux_8x1.v"/>
        <Attr Name="ImportTime" Val="1462223700"/>
        <Attr Name="UsedIn" Val="synthesis"/>
        <Attr Name="UsedIn" Val="implementation"/>
        <Attr Name="UsedIn" Val="simulation"/>
      </FileInfo>
    </File>
    <File Path="$PSRCDIR/sources_1/imports/Proyecto_De_Graduacion/FPU_FLM/RTL/fpuuart/FSM_test.v">
      <FileInfo>
        <Attr Name="ImportPath" Val="$PPRDIR/../../../../media/francis/Acer/Users/Francis/Documents/GitHub/Proyecto_De_Graduacion/FPU_FLM/RTL/fpuuart/FSM_test.v"/>
        <Attr Name="ImportTime" Val="1462223700"/>
        <Attr Name="UsedIn" Val="synthesis"/>
        <Attr Name="UsedIn" Val="implementation"/>
        <Attr Name="UsedIn" Val="simulation"/>
      </FileInfo>
    </File>
    <File Path="$PSRCDIR/sources_1/imports/Proyecto_De_Graduacion/FPU_FLM/RTL/fpuuart/UBuffer.v">
      <FileInfo>
        <Attr Name="ImportPath" Val="$PPRDIR/../../../../media/francis/Acer/Users/Francis/Documents/GitHub/Proyecto_De_Graduacion/FPU_FLM/RTL/fpuuart/UBuffer.v"/>
        <Attr Name="ImportTime" Val="1462223700"/>
        <Attr Name="UsedIn" Val="synthesis"/>
        <Attr Name="UsedIn" Val="implementation"/>
        <Attr Name="UsedIn" Val="simulation"/>
      </FileInfo>
    </File>
    <File Path="$PSRCDIR/sources_1/imports/Proyecto_De_Graduacion/FPU_FLM/RTL/fpuuart/cont_test.v">
      <FileInfo>
        <Attr Name="ImportPath" Val="$PPRDIR/../../../../media/francis/Acer/Users/Francis/Documents/GitHub/Proyecto_De_Graduacion/FPU_FLM/RTL/fpuuart/cont_test.v"/>
        <Attr Name="ImportTime" Val="1462223700"/>
        <Attr Name="UsedIn" Val="synthesis"/>
        <Attr Name="UsedIn" Val="implementation"/>
        <Attr Name="UsedIn" Val="simulation"/>
      </FileInfo>
    </File>
    <File Path="$PSRCDIR/sources_1/imports/Proyecto_De_Graduacion/FPU_FLM/RTL/fpuuart/Coun_Baud.v">
      <FileInfo>
        <Attr Name="ImportPath" Val="$PPRDIR/../../../../media/francis/Acer/Users/Francis/Documents/GitHub/Proyecto_De_Graduacion/FPU_FLM/RTL/fpuuart/Coun_Baud.v"/>
        <Attr Name="ImportTime" Val="1462223700"/>
        <Attr Name="UsedIn" Val="synthesis"/>
        <Attr Name="UsedIn" Val="implementation"/>
        <Attr Name="UsedIn" Val="simulation"/>
      </FileInfo>
    </File>
    <File Path="$PSRCDIR/sources_1/imports/Proyecto_De_Graduacion/FPU_FLM/RTL/fpuuart/FPU_UART.v">
      <FileInfo>
        <Attr Name="ImportPath" Val="$PPRDIR/../../../../media/francis/Acer/Users/Francis/Documents/GitHub/Proyecto_De_Graduacion/FPU_FLM/RTL/fpuuart/FPU_UART.v"/>
        <Attr Name="ImportTime" Val="1462550271"/>
        <Attr Name="UsedIn" Val="synthesis"/>
        <Attr Name="UsedIn" Val="implementation"/>
        <Attr Name="UsedIn" Val="simulation"/>
      </FileInfo>
    </File>
    <File Path="$PSRCDIR/sources_1/imports/Proyecto_De_Graduacion/FPU_FLM/RTL/Add-Subt/FPU_Add_Subtract_Function.v">
      <FileInfo>
        <Attr Name="ImportPath" Val="$PPRDIR/../../../../media/francis/Acer/Users/Francis/Documents/GitHub/Proyecto_De_Graduacion/FPU_FLM/RTL/Add-Subt/FPU_Add_Subtract_Function.v"/>
        <Attr Name="ImportTime" Val="1464898030"/>
        <Attr Name="UsedIn" Val="synthesis"/>
        <Attr Name="UsedIn" Val="implementation"/>
        <Attr Name="UsedIn" Val="simulation"/>
      </FileInfo>
    </File>
    <File Path="$PSRCDIR/sources_1/imports/Proyecto_De_Graduacion/FPU_FLM/RTL/Add-Subt/LZD.v">
      <FileInfo>
        <Attr Name="ImportPath" Val="$PPRDIR/../../../../media/francis/Acer/Users/Francis/Documents/GitHub/Proyecto_De_Graduacion/FPU_FLM/RTL/Add-Subt/LZD.v"/>
        <Attr Name="ImportTime" Val="1464269492"/>
        <Attr Name="UsedIn" Val="synthesis"/>
        <Attr Name="UsedIn" Val="implementation"/>
        <Attr Name="UsedIn" Val="simulation"/>
      </FileInfo>
    </File>
    <File Path="$PSRCDIR/sources_1/imports/Proyecto_De_Graduacion/FPU_FLM/RTL/Add-Subt/Greater_Comparator.v">
      <FileInfo>
        <Attr Name="ImportPath" Val="$PPRDIR/../../../../media/francis/Acer/Users/Francis/Documents/GitHub/Proyecto_De_Graduacion/FPU_FLM/RTL/Add-Subt/Greater_Comparator.v"/>
        <Attr Name="ImportTime" Val="1439869140"/>
        <Attr Name="UsedIn" Val="synthesis"/>
        <Attr Name="UsedIn" Val="implementation"/>
        <Attr Name="UsedIn" Val="simulation"/>
      </FileInfo>
    </File>
    <File Path="$PSRCDIR/sources_1/imports/Proyecto_De_Graduacion/FPU_FLM/RTL/Add-Subt/Comparators.v">
      <FileInfo>
        <Attr Name="ImportPath" Val="$PPRDIR/../../../../media/francis/Acer/Users/Francis/Documents/GitHub/Proyecto_De_Graduacion/FPU_FLM/RTL/Add-Subt/Comparators.v"/>
        <Attr Name="ImportTime" Val="1464897235"/>
        <Attr Name="UsedIn" Val="synthesis"/>
        <Attr Name="UsedIn" Val="implementation"/>
        <Attr Name="UsedIn" Val="simulation"/>
      </FileInfo>
    </File>
    <File Path="$PSRCDIR/sources_1/imports/Proyecto_De_Graduacion/FPU_FLM/RTL/Add-Subt/Comparator_Less.v">
      <FileInfo>
        <Attr Name="ImportPath" Val="$PPRDIR/../../../../media/francis/Acer/Users/Francis/Documents/GitHub/Proyecto_De_Graduacion/FPU_FLM/RTL/Add-Subt/Comparator_Less.v"/>
        <Attr Name="ImportTime" Val="1440102680"/>
        <Attr Name="UsedIn" Val="synthesis"/>
        <Attr Name="UsedIn" Val="implementation"/>
        <Attr Name="UsedIn" Val="simulation"/>
      </FileInfo>
    </File>
    <File Path="$PPRDIR/../../../../Documents/Karatsuba_FPU/Karat/source/rtl/FPU_Multiplication_Function_v2.v">
      <FileInfo>
        <Attr Name="UsedIn" Val="synthesis"/>
        <Attr Name="UsedIn" Val="implementation"/>
        <Attr Name="UsedIn" Val="simulation"/>
      </FileInfo>
    </File>
    <File Path="$PPRDIR/../../../../Documents/Karatsuba_FPU/Karat/source/rtl/KOA_FPGA.v">
      <FileInfo>
        <Attr Name="UsedIn" Val="synthesis"/>
        <Attr Name="UsedIn" Val="implementation"/>
        <Attr Name="UsedIn" Val="simulation"/>
      </FileInfo>
    </File>
    <File Path="$PPRDIR/../../../../Documents/Karatsuba_FPU/Karat/source/rtl/KOA_c_v2.v">
      <FileInfo>
        <Attr Name="UsedIn" Val="synthesis"/>
        <Attr Name="UsedIn" Val="implementation"/>
        <Attr Name="UsedIn" Val="simulation"/>
      </FileInfo>
    </File>
    <File Path="$PPRDIR/../../../../Documents/Karatsuba_FPU/Karat/source/rtl/KOA_c_v3.v">
      <FileInfo>
        <Attr Name="UsedIn" Val="synthesis"/>
        <Attr Name="UsedIn" Val="implementation"/>
        <Attr Name="UsedIn" Val="simulation"/>
      </FileInfo>
    </File>
    <File Path="$PPRDIR/../../../../Documents/Karatsuba_FPU/Karat/source/rtl/multiplier_combinational.v">
      <FileInfo>
        <Attr Name="UsedIn" Val="synthesis"/>
        <Attr Name="UsedIn" Val="implementation"/>
        <Attr Name="UsedIn" Val="simulation"/>
      </FileInfo>
    </File>
    <File Path="$PPRDIR/../../../../Documents/Karatsuba_FPU/Karat/source/rtl/RecursiveKOA.v">
      <FileInfo>
        <Attr Name="UsedIn" Val="synthesis"/>
        <Attr Name="UsedIn" Val="implementation"/>
        <Attr Name="UsedIn" Val="simulation"/>
      </FileInfo>
    </File>
    <Config>
      <Option Name="DesignMode" Val="RTL"/>
      <Option Name="TopModule" Val="RecursiveKOA"/>
    </Config>
  </FileSet>
  <FileSet Name="constrs_in" Type="Constrs" RelSrcDir="$PSRCDIR/constrs_1">
    <Filter Type="Constrs"/>
    <File Path="$PSRCDIR/constrs_1/imports/RTL/Nexys4_Master.xdc">
      <FileInfo>
        <Attr Name="ImportPath" Val="$PPRDIR/../../../../media/francis/Acer/Users/Francis/Documents/GitHub/Proyecto_De_Graduacion/FPU_FLM/RTL/Nexys4_Master.xdc"/>
        <Attr Name="ImportTime" Val="1462276173"/>
        <Attr Name="UsedIn" Val="synthesis"/>
        <Attr Name="UsedIn" Val="implementation"/>
      </FileInfo>
    </File>
    <File Path="$PSRCDIR/constrs_1/new/Time_Constrains.xdc">
      <FileInfo>
        <Attr Name="UserDisabled" Val="1"/>
        <Attr Name="ImportPath" Val="$PPRDIR/../../../../media/francis/Acer/Users/Francis/Documents/GitHub/Proyecto_De_Graduacion/FPU_FLM/FPU_2.0/FPU_2.0.srcs/constrs_1/new/Time_Constrains.xdc"/>
        <Attr Name="ImportTime" Val="1464897789"/>
        <Attr Name="UsedIn" Val="synthesis"/>
        <Attr Name="UsedIn" Val="implementation"/>
      </FileInfo>
    </File>
    <Config>
      <Option Name="ConstrsType" Val="XDC"/>
    </Config>
  </FileSet>
  <Strategy Version="1" Minor="2">
    <StratHandle Name="Flow_PerfOptimized_high" Flow="Vivado Synthesis 2016"/>
    <Step Id="synth_design">
      <Option Id="ResourceSharing">2</Option>
      <Option Id="RepFanoutThreshold">400</Option>
      <Option Id="FsmExtraction">1</Option>
      <Option Id="NoCombineLuts">1</Option>
      <Option Id="KeepEquivalentRegisters">1</Option>
      <Option Id="ShregMinSize">5</Option>
    </Step>
  </Strategy>
</GenRun>
